DataType,Engineering,GeoSpatial + Trajectories,Bioinformatics,BioMedical
Table,0.4390243902,0.65,0.6666666667,0.7083333333
Field,0.8292682927,0.35,0.3333333333,0.6666666667
Network,0.3414634146,0.1666666667,0.2666666667,0.375
Geometry,0.5365853659,0.8166666667,0.8666666667,0.4583333333